<?xml version="1.0" encoding="UTF-8"?>
<!--
  When updating your version of GWT, you should also update this DTD reference,
  so that your app can take advantage of the latest GWT module capabilities.
-->
<!DOCTYPE module PUBLIC "-//Google Inc.//DTD Google Web Toolkit 2.8.1//EN"
  "http://gwtproject.org/doctype/2.8.1/gwt-module.dtd">
<module rename-to='docto'>
  <!-- Inherit the core Web Toolkit stuff.                        -->
  <inherits name='com.google.gwt.user.User'/>
   
  <inherits name="gwt.material.design.jquery.JQuery" />
  <inherits name="gwt.material.design.GwtMaterialWithJQuery" />
  <inherits name="gwt.material.design.addins.GwtMaterialAddins" />
  <inherits name="gwt.material.design.GwtMaterialTable" />
  <inherits name="gwt.material.design.GwtMaterialDesignBasic" />
  <inherits name="gwt.material.design.themes.ThemeBlue"/>
  <inherits name="gwt.material.design.themes.ThemeAmberResources"/>
 <inherits name="gwt.material.design.themes.ThemeBlueResources"/>
 <inherits name="gwt.material.design.themes.ThemeBrownResources"/>
 <inherits name="gwt.material.design.themes.ThemeGreenResources"/>
 <inherits name="gwt.material.design.themes.ThemeGreyResources"/>
 <inherits name="gwt.material.design.themes.ThemeOrangeResources"/>
 <inherits name="gwt.material.design.themes.ThemePinkResources"/>
 <inherits name="gwt.material.design.themes.ThemePurpleResources"/>
 <inherits name="gwt.material.design.themes.ThemeRedResources"/>
 <inherits name="gwt.material.design.themes.ThemeYellowResources"/>
  

  <!-- Inherit the default GWT style sheet.  You can change       -->
  <!-- the theme of your GWT application by uncommenting          -->
  <!-- any one of the following lines.                            -->
  <inherits name='com.google.gwt.user.theme.clean.Clean'/>
  <!-- <inherits name='com.google.gwt.user.theme.standard.Standard'/> -->
  <!-- <inherits name='com.google.gwt.user.theme.chrome.Chrome'/> -->
  <!-- <inherits name='com.google.gwt.user.theme.dark.Dark'/>     -->

  <!-- Other module inherits                                      -->

  <!-- Specify the app entry point class.                         -->
  <entry-point class='com.docto.client.Docto'/>

  <!-- Specify the paths for translatable code                    -->
  <source path='client'/>
  <source path='shared'/>

  <!-- allow Super Dev Mode -->
  <add-linker name="xsiframe"/>
</module>
