<!DOCTYPE ui:UiBinder SYSTEM "http://dl.google.com/gwt/DTD/xhtml.ent">
<ui:UiBinder xmlns:ui="urn:ui:com.google.gwt.uibinder"
	xmlns:g="urn:import:com.google.gwt.user.client.ui"
	xmlns:m="urn:import:gwt.material.design.client.ui"
	xmlns:ma="urn:import:gwt.material.design.addins.client"
	xmlns:m.html="urn:import:gwt.material.design.client.ui.html">
	<ui:style>
	.important {
		font-weight: bold;
	}
		.left_menu_title {
   cursor: pointer;
}
	.panel{
	background-color:url("");
   background-size: 100%;
   padding: 0px !important;
   padding-top: 40% !important;
 }
 .fieldPanel{
   background: white;
   padding: 6%;
 }
 .imgProfile{
   margin-top: 30px;
   width: 18%;
   margin-left: 40%;
   border: 5px solid #fff;
 }
 .rowAction{
  margin-top: 20px;
 }
 .login_demo{
   padding: 4%;
 }
 
	</ui:style>
	<g:HTMLPanel>
		<m:MaterialRow backgroundColor="TRANSPARENT" addStyleNames="{style.login_demo}">
    <m:MaterialColumn grid="s12 m8 l10" offset="l1" >
    <m:MaterialPanel addStyleNames="{style.fieldPanel}">
     <m:MaterialImage url="people.png" type="CIRCLE" addStyleNames="{style.imgProfile} z-depth-1"/>
     <m:MaterialRow>
     <m:MaterialColumn grid="s12 m4 l5">
     <m:MaterialTextBox  label="Full Name" ui:field="nave"/></m:MaterialColumn>
     <m:MaterialColumn grid="s12 m4 l5"> <m:MaterialTextBox type="EMAIL" label="Email" ui:field="Email"/></m:MaterialColumn>
     </m:MaterialRow>
     <m:MaterialRow>
     <m:MaterialColumn grid="s12 m4 l5">
     <m:MaterialTextBox  type="PASSWORD" label="Password" ui:field="pass"/></m:MaterialColumn>
     <m:MaterialColumn grid="s12 m4 l5"> <m:MaterialTextBox type="PASSWORD" label="Confirm Password" ui:field="cpass"/></m:MaterialColumn>
     </m:MaterialRow>
     
     
      <m:MaterialRow>
      
      <m:MaterialColumn grid="s12 m4 l5">
     <m:MaterialLabel text="Gender" fontSize="1.5em" ></m:MaterialLabel>
     <m:MaterialPanel m:id="gen" ui:field="gen">
     </m:MaterialPanel>
   </m:MaterialColumn>
    
     <m:MaterialColumn   grid="s12 m4 l2"><m:MaterialIntegerBox label="Age" ui:field="age"/></m:MaterialColumn>
     <m:MaterialColumn  grid="s12 m4 l2"><m:MaterialDatePicker ui:field="dp" placeholder="Date of Birth" /></m:MaterialColumn>
     </m:MaterialRow>
    
     
      <m:MaterialRow>
      <m:MaterialColumn grid="s12 m4 l5">
      <m:MaterialTextBox label="Permanent Address" ui:field="paddress"/>
     </m:MaterialColumn>
     <m:MaterialColumn   grid="s12 m4 l2"><m:MaterialTextBox label="City" ui:field="city"/></m:MaterialColumn>
     <m:MaterialColumn  grid="s12 m4 l2"><m:MaterialTextBox placeholder="Country" ui:field="Country"/></m:MaterialColumn>
     </m:MaterialRow>
      <m:MaterialRow>
       <m:MaterialColumn grid="s12 m4 l5">
      <m:MaterialTextBox label="Current Address" ui:field="caddress"/>
     </m:MaterialColumn>
      <m:MaterialColumn grid="s12 m4 l5">
    <m:MaterialIntegerBox label="mobile no." ui:field="mobile" length="10"/>
    </m:MaterialColumn>
    </m:MaterialRow>
     <m:MaterialRow>
    <m:MaterialColumn grid="s12 m4 l5"> 
    <m:MaterialListBox placeholder="Membership" ui:field="mem"> 
    <m.html:Option text="One Month"/>
    <m.html:Option text="Three Month"/>
    <m.html:Option text="One Year"/>

       
    </m:MaterialListBox>
     </m:MaterialColumn>
    </m:MaterialRow>
 
     <m:MaterialButton ui:field="reg" backgroundColor="GREEN" waves="LIGHT" text="REGISTER" width="100%"/>
    </m:MaterialPanel>
 
  </m:MaterialColumn>
 </m:MaterialRow>
	</g:HTMLPanel>
</ui:UiBinder> 