<?xml version="1.0"?>

<!DOCTYPE UiBinder SYSTEM "http://dl.google.com/gwt/DTD/xhtml.ent">
<ui:UiBinder xmlns:ma="urn:import:gwt.material.design.addins.client"
 xmlns:m="urn:import:gwt.material.design.client.ui" 
 xmlns:g="urn:import:com.google.gwt.user.client.ui"
  xmlns:ui="urn:ui:com.google.gwt.uibinder">

<ui:style>

.important {
	font-weight: bold;}
	
	.panel{
   background: url("log.png");
   background-size: 100%;
   padding: 0px !important;
   padding-top: 40% !important;
 }
 .fieldPanel{
   background: white;
   padding: 6%;
 }

 .rowAction{
  margin-top: 20px;
 }
 .login_demo{
   padding: 4%;
 }
	


 </ui:style>

<g:HTMLPanel>
 <m:MaterialRow backgroundColor="GREEN" addStyleNames="{style.login_demo}">
  <m:MaterialColumn grid="s12 m8 l8" offset="l2" >
   <m:MaterialPanel shadow="1" addStyleNames="{style.panel}">
    <m:MaterialPanel addStyleNames="{style.fieldPanel}">
    
     <m:MaterialTextArea paddingBottom="20" label="Search" ui:field="ts" width="20%"/>

     <m:MaterialButton text="Search" waves="LIGHT" backgroundColor="BLACK" textColor="WHITE" iconType="SEARCH" iconPosition="LEFT" ui:field="bs"/>

    <m:MaterialTextArea label="long data" ui:field="tx" resizeRule="FOCUS" enabled="false"/>
<m:MaterialButton text="Summarized" ui:field="sum" waves="LIGHT" backgroundColor="BLUE" textColor="WHITE" iconType="POLYMER" iconPosition="LEFT"/>


<m:MaterialTextArea label="Summarized Data" ui:field="td" resizeRule="AUTO" />
<m:MaterialRow>
<m:MaterialColumn>
<m:MaterialButton text="Submit" ui:field="sub" waves="LIGHT" backgroundColor="BLUE" textColor="WHITE" iconType="SEND" iconPosition="LEFT"/>
</m:MaterialColumn>
<m:MaterialColumn>
<m:MaterialButton text="Edit" ui:field="edit" waves="LIGHT" backgroundColor="GREEN" textColor="WHITE" iconType="POLYMER" iconPosition="LEFT"/>
 </m:MaterialColumn>
 </m:MaterialRow>
     
    
     <m:MaterialRow addStyleNames="{style.rowAction}">
      <m:MaterialColumn grid="s12 m12 l6">
      <m:MaterialButton text="Delete" ui:field="delete" waves="LIGHT" backgroundColor="RED" textColor="WHITE" iconType="DELETE" iconPosition="LEFT"/>
      
      </m:MaterialColumn>
     </m:MaterialRow>
    </m:MaterialPanel>
   </m:MaterialPanel>
  </m:MaterialColumn>
 </m:MaterialRow>



</g:HTMLPanel>

</ui:UiBinder>