<!DOCTYPE ui:UiBinder SYSTEM "http://dl.google.com/gwt/DTD/xhtml.ent">
<ui:UiBinder xmlns:ui="urn:ui:com.google.gwt.uibinder"
	xmlns:g="urn:import:com.google.gwt.user.client.ui"
	xmlns:m="urn:import:gwt.material.design.client.ui"
	xmlns:ma="urn:import:gwt.material.design.addins.client" >
	 <ui:style gss="true">
        body {
            background: linear-gradient(rgba(0,0,0,0.5),rgba(0,0,0,0.5)), url("Ayurved.jpg");
           background-size:cover;
           background-position:center;
           background-attachment:fixed;
           
         
        }
        
    </ui:style>
   
    <g:HTMLPanel>
    
    <m:MaterialPanel >
        <m:MaterialHeader ui:field="header">
            <m:MaterialNavBar ui:field="navBar" activates="sidenavColaps" backgroundColor="GREEN" shadow="1">
                <m:MaterialNavBrand paddingLeft="60" text="Doctoveda" />
          
               
                <m:MaterialNavSection float="RIGHT">
       
	<m:MaterialLink iconType="ACCOUNT_CIRCLE" iconPosition="LEFT" text="Account" textColor="WHITE" waves="LIGHT" ui:field="acc"/>
	<m:MaterialLink iconType="AUTORENEW" iconPosition="LEFT" text="Refresh" textColor="WHITE" waves="LIGHT"/>
	<m:MaterialTooltip text="Search">
	<m:MaterialLink iconType="SEARCH" textColor="WHITE" waves="LIGHT" ui:field="btnSearch"/>
	
	
	  </m:MaterialTooltip>
	<m:MaterialTooltip text="Menu">
	<m:MaterialLink iconType="MORE_VERT" textColor="WHITE" waves="LIGHT"/>
	</m:MaterialTooltip>
 </m:MaterialNavSection>
            </m:MaterialNavBar>
        </m:MaterialHeader>
        

        <m:MaterialSideNavPush m:id="sidenavColaps" ui:field="sideNav" width="300">
      
            <m:MaterialCollapsible>
                <!-- PARENT 1 -->
                 <m:MaterialCollapsibleItem>
                    <m:MaterialCollapsibleHeader waves="DEFAULT">
                        <m:MaterialLink text="Login" iconType="ACCOUNT_CIRCLE" ui:field="b"/>
                    </m:MaterialCollapsibleHeader>
                </m:MaterialCollapsibleItem>
                <m:MaterialCollapsibleItem>
                    <m:MaterialCollapsibleHeader waves="DEFAULT">
                        <m:MaterialLink  text="Categories"/>
                    </m:MaterialCollapsibleHeader>
                    <m:MaterialCollapsibleBody>
                        <m:html.UnorderedList>
                            <m:MaterialLink ui:field="feed" text="MyFeed" iconType="TODAY" waves="DEFAULT" />
                            <m:MaterialLink text="All News" iconType="ASSIGNMENT" waves="DEFAULT" />
                            <m:MaterialLink  text="Top Stories" iconType="DESCRIPTION" waves="DEFAULT" />
                            <m:MaterialLink text="Trending" iconType="TRENDING_UP" waves="DEFAULT" ui:field="trending"/>
                        </m:html.UnorderedList>
                    </m:MaterialCollapsibleBody>
                </m:MaterialCollapsibleItem>
                <!-- PARENT 2 -->
                <m:MaterialCollapsibleItem>
                    <m:MaterialCollapsibleHeader waves="DEFAULT">
                        <m:MaterialLink text="Suggested Topics"/>
                    </m:MaterialCollapsibleHeader>
                    <m:MaterialCollapsibleBody>
                        <m:html.UnorderedList>
                            <m:MaterialLink text="Sponsor" waves="DEFAULT" />
                            <m:MaterialLink text="Companies" waves="DEFAULT" />
                                </m:html.UnorderedList>
                    </m:MaterialCollapsibleBody>
                </m:MaterialCollapsibleItem>
                <!-- PARENT 3 -->
                <m:MaterialCollapsibleItem>
                    <m:MaterialCollapsibleHeader waves="DEFAULT">
                        <m:MaterialLink text="New Researches" />
                    </m:MaterialCollapsibleHeader>
                </m:MaterialCollapsibleItem>
                <m:MaterialCollapsibleItem>
                    <m:MaterialCollapsibleHeader waves="DEFAULT">
                        <m:MaterialLink text="Cure and Diseases" />
                    </m:MaterialCollapsibleHeader>
                </m:MaterialCollapsibleItem>
                <m:MaterialCollapsibleItem>
                    <m:MaterialCollapsibleHeader waves="DEFAULT">
                        <m:MaterialLink text="Events" ui:field="evdisplay"/>
                    </m:MaterialCollapsibleHeader>
                </m:MaterialCollapsibleItem>
                
            </m:MaterialCollapsible>
        </m:MaterialSideNavPush>
        <m:MaterialPanel m:id="tt1" ui:field="materpanel">

        <m:MaterialContainer>
       <m:MaterialRow textAlign="CENTER" paddingTop="55">
             
<!--  <m:MaterialSearch ui:field="txtSearch" placeholder="Component" backgroundColor="WHITE" iconColor="BLACK" active="true" grid="l3" shadow="1" width="100%" visible="false"/>-->

              <m:MaterialFAB>
                    <m:MaterialButton type="FLOATING" href="https://github.com/GwtMaterialDesign/gwt-material-patterns/blob/release_2.0/src/main/java/com/github/gwtmaterialdesign/client/application/sidenavdrawer/DrawerSideNavView.ui.xml" target="_blank" backgroundColor="PINK" size="LARGE" iconType="CODE" />
                </m:MaterialFAB>
                </m:MaterialRow>
        </m:MaterialContainer>
        </m:MaterialPanel>
    </m:MaterialPanel>
    </g:HTMLPanel>
    </ui:UiBinder>