<!DOCTYPE ui:UiBinder SYSTEM "http://dl.google.com/gwt/DTD/xhtml.ent">
<ui:UiBinder xmlns:ui="urn:ui:com.google.gwt.uibinder"
	xmlns:g="urn:import:com.google.gwt.user.client.ui"
	xmlns:m="urn:import:gwt.material.design.client.ui">
	<ui:style>
	.important {
		font-weight: bold;
	}
	.left_menu_title {
   cursor: pointer;
}
	.panel{
   background: url("log.png");
   background-size: 100%;
   padding: 0px !important;
   padding-top: 40% !important;
 }
 .fieldPanel{
   background: white;
   padding: 6%;
 }
 .imgProfile{
   margin-top: -120px;
   width: 40%;
   margin-left: 30%;
   border: 5px solid #fff;
 }
 .rowAction{
  margin-top: 20px;
 }
 .login_demo{
   padding: 4%;
 }
	
	</ui:style>
	<g:HTMLPanel>
 <m:MaterialRow backgroundColor="TRANSPARENT" addStyleNames="{style.login_demo}">
  <m:MaterialColumn grid="s12 m8 l6" offset="l3" >
   <m:MaterialPanel shadow="1" addStyleNames="{style.panel}">
    <m:MaterialPanel addStyleNames="{style.fieldPanel}">
     <m:MaterialImage url="https://www.satyawellness.in/admin/uploads/ayurvedic-wellness-center.png" type="CIRCLE" addStyleNames="{style.imgProfile} z-depth-1"/>
     <m:MaterialTextBox  placeholder="Name" ui:field="na"/>
     <m:MaterialTextBox type="EMAIL" placeholder="Email" ui:field="ema"/>
     <m:MaterialTextBox type="PASSWORD" placeholder="Password" ui:field="passw"/>
      <m:MaterialTextBox type="PASSWORD" placeholder="Confirm Password" ui:field="cpassw"/>
      <m:MaterialIntegerBox placeholder="enter mobile no." ui:field="mobile" length="10" />
     <m:MaterialButton ui:field="btn" backgroundColor="RED" waves="LIGHT" text="REGISTER" width="100%"/>
     <m:MaterialRow addStyleNames="{style.rowAction}">
      <m:MaterialColumn grid="s12 m12 l6">
        <g:Label text="Already Have a Account Login here!" styleName="{style.left_menu_title}" ui:field="lo" ></g:Label>
      </m:MaterialColumn>
     </m:MaterialRow>
    </m:MaterialPanel>
   </m:MaterialPanel>
  </m:MaterialColumn>
 </m:MaterialRow>
	</g:HTMLPanel>
</ui:UiBinder> 