<!DOCTYPE ui:UiBinder SYSTEM "http://dl.google.com/gwt/DTD/xhtml.ent">
<ui:UiBinder xmlns:ui="urn:ui:com.google.gwt.uibinder"
	xmlns:g="urn:import:com.google.gwt.user.client.ui"
	xmlns:m="urn:import:gwt.material.design.client.ui"
	 xmlns:ma="urn:import:gwt.material.design.addins.client">
	<ui:style>
	.important {
		font-weight: bold;
	}
	</ui:style>
	<g:HTMLPanel>
	<m:MaterialRow>
  <ma:fileuploader.MaterialFileUploader ui:field="cardUploader" acceptedFiles="image/*" grid="l4" url="/fileupload" preview="false" maxFileSize="20" shadow="0" clickable="cardUpload">
   <m:MaterialCard>
    <m:MaterialCardImage>
     <m:MaterialImage ui:field="imgPreview" url="http://demo.geekslabs.com/materialize/v3.1/images/gallary/33.jpg" />
    </m:MaterialCardImage>
    <m:MaterialCardContent layoutPosition="RELATIVE">
    <m:MaterialLabel ui:field="lblName" text="Sample.png" fontSize="1.5em"/>
    <m:MaterialLabel ui:field="lblSize" text="13 mb" fontSize="0.8em"/>
    <m:MaterialProgress ui:field="progress" layoutPosition="ABSOLUTE" bottom="0" left="0" type="DETERMINATE" percent="0" />
    <m:MaterialButton m:id="cardUpload" layoutPosition="ABSOLUTE" top="-25" right="25" type="FLOATING" backgroundColor="PINK" size="LARGE" iconType="CLOUD_UPLOAD" iconColor="WHITE"/>
    </m:MaterialCardContent>
   </m:MaterialCard>
  </ma:fileuploader.MaterialFileUploader>
 </m:MaterialRow>
	</g:HTMLPanel>
</ui:UiBinder> 